{
   "dataset_directory" : "./Dataset",
   "dynamic_timestep" : 100,
   "epoch" : 200,
   "gpu" : false,
   "max_scales" : 
   [
      180.0,
      180.0,
      180.0,
      179.99899291992188,
      179.99699401855469,
      180.0,
      179.98800659179688,
      180.0,
      179.98899841308594,
      179.96000671386719,
      539.052978515625,
      1036.6500244140625,
      720.07000732421875,
      581.65399169921875,
      1090.9300537109375,
      709.38397216796875,
      585.010009765625,
      1068.7900390625,
      705.54302978515625,
      567.77899169921875,
      1056.7900390625,
      702.86102294921875,
      544.45001220703125,
      1061.02001953125,
      693.1729736328125,
      499.89300537109375,
      1008.2999877929688,
      707.22802734375,
      145.94000244140625,
      161.08200073242188,
      146.66799926757812
   ],
   "min_scales" : 
   [
      0.0,
      0.0,
      0.0,
      0.0,
      0.0,
      0.0,
      0.0,
      0.0,
      0.0,
      0.0,
      -693.2230224609375,
      -12.777700424194336,
      -612.73101806640625,
      -680.14599609375,
      0.0,
      -584.66497802734375,
      -668.35302734375,
      0.0,
      -569.33001708984375,
      -649.61297607421875,
      0.0,
      -597.031982421875,
      -675.48101806640625,
      0.0,
      -590.97601318359375,
      -662.551025390625,
      0.0,
      -574.43701171875,
      0.0,
      0.0,
      0.0
   ],
   "model_directory" : "./TrainedModel",
   "num_features" : 31,
   "serve_command" : "serve_bidirectional_input",
   "sliding_rate" : 10,
   "timestep" : 60
}